Player_Level,Shop_ID,Animal_Sockets,Candy_Slots,Candy_Level_Min,Candy_Level_Max,Candy_Cost_Min,Candy_Cost_Max,Candy_Merge_Max,XP_Req_Next,XP_Req_Total,LUR_Egg_ID,LUR_Soft,,Offline regen cap - calc
1,1,3,4,1,1,1,1,4,8,8,1,6,,#REF!
2,1,3,4,1,1,1,1,4,12,20,0,9,,#REF!
3,1,3,4,1,2,1,2,5,18,38,0,11,,#REF!
4,1,3,4,1,2,1,2,5,27,65,0,13,,#REF!
5,1,3,5,1,2,1,2,6,41,106,0,16,,#REF!
6,1,3,5,1,3,1,4,7,61,167,0,19,,#REF!
7,1,3,5,1,3,1,4,7,67,234,0,19,,#REF!
8,1,3,5,1,3,1,4,7,74,308,0,20,,#REF!
9,1,3,5,1,3,1,4,7,81,389,0,20,,#REF!
10,1,3,5,1,4,1,8,8,121,510,2,21,,#REF!
11,1,3,6,1,4,1,8,9,182,692,0,23,,#REF!
12,1,3,6,1,4,1,8,9,273,965,0,24,,#REF!
13,1,3,6,1,4,1,8,9,409,1374,0,26,,#REF!
14,1,3,6,1,4,1,8,9,450,1824,0,26,,#REF!
15,1,3,6,1,5,1,15,10,495,2319,0,27,,#REF!
16,1,3,6,2,5,2,15,10,545,2864,0,27,,#REF!
17,1,3,6,2,5,2,15,10,599,3463,0,28,,#REF!
18,1,3,6,2,5,2,15,10,659,4122,0,28,,#REF!
19,1,3,6,2,5,2,15,10,725,4847,0,29,,#REF!
20,1,3,7,2,6,2,30,11,798,5645,2,30,,#REF!
21,1,3,7,2,6,2,30,11,1003,6648,0,32,,#REF!
22,1,3,7,2,6,2,30,11,1261,7909,0,34,,#REF!
23,1,3,7,2,6,2,30,11,1586,9495,0,38,,#REF!
24,1,3,7,2,6,2,30,11,1994,11489,0,42,,#REF!
25,1,3,7,2,7,2,50,12,2500,13989,0,47,,#REF!
26,1,3,7,2,7,2,50,12,2995,16984,0,52,,#REF!
27,1,3,7,2,7,2,50,12,3588,20572,0,58,,#REF!
28,1,3,7,2,7,2,50,12,4299,24871,0,65,,#REF!
29,1,3,7,2,7,2,50,12,5150,30021,0,73,,#REF!
30,1,3,7,2,8,2,100,13,5150,35171,2,73,,#REF!
31,1,3,7,2,8,2,100,13,6170,41341,0,83,,#REF!
32,1,3,7,2,8,2,100,13,7392,48733,0,96,,#REF!
33,1,3,7,2,8,2,100,13,8855,57588,0,110,,#REF!
34,1,3,7,2,8,2,100,13,10609,68197,0,128,,#REF!
35,1,3,7,2,9,2,200,14,10609,78806,0,128,,#REF!
36,1,3,7,2,9,2,200,14,12710,91516,0,149,,#REF!
37,1,3,7,2,9,2,200,14,15227,106743,0,174,,#REF!
38,1,3,7,3,9,4,200,14,18242,124985,0,204,,#REF!
39,1,3,7,3,9,4,200,14,21855,146840,0,240,,#REF!
40,1,3,7,3,10,4,400,15,21855,168695,2,240,,#REF!
41,1,3,7,3,10,4,400,15,26182,194877,0,284,,#REF!
42,1,3,8,3,10,4,400,15,31367,226244,0,335,,#REF!
43,1,3,8,3,10,4,400,15,37579,263823,0,398,,#REF!
44,1,3,8,3,10,4,400,15,45020,308843,0,472,,#REF!
45,1,3,8,3,11,4,800,16,45020,353863,0,472,,#REF!
46,1,3,8,3,11,4,800,16,53936,407799,0,561,,#REF!
47,1,3,8,3,11,4,800,16,64616,472415,0,668,,#REF!
48,1,3,8,3,11,4,800,16,77412,549827,0,796,,#REF!
49,1,3,8,3,11,4,800,16,92742,642569,0,949,,#REF!
50,2,3,8,3,12,4,1500,17,86946,729515,2,891,,#REF!
51,2,3,8,3,12,4,1500,17,94215,823730,0,964,,#REF!
52,2,3,8,3,12,4,1500,17,102093,925823,0,1000,,#REF!
53,2,3,8,3,12,4,1500,17,110629,1036452,0,1100,,#REF!
54,2,3,8,3,12,4,1500,17,119879,1156331,0,1200,,#REF!
55,2,3,8,3,12,4,1500,17,129903,1286234,0,1300,,#REF!
56,2,3,8,3,12,4,1500,17,140764,1426998,0,1400,,#REF!
57,2,3,8,3,12,4,1500,17,152534,1579532,0,1500,,#REF!
58,2,3,8,3,12,4,1500,17,165288,1744820,0,1700,,#REF!
59,2,3,8,3,12,4,1500,17,179108,1923928,0,1800,,#REF!
60,2,3,8,3,13,4,3000,18,179108,2103036,2,1800,,#REF!
61,2,3,8,3,13,4,3000,18,186052,2289088,0,1900,,#REF!
62,2,3,8,3,13,4,3000,18,193265,2482353,0,2000,,#REF!
63,2,3,8,3,13,4,3000,18,200758,2683111,0,2000,,#REF!
64,2,3,8,3,13,4,3000,18,208541,2891652,0,2100,,#REF!
65,2,3,8,3,13,4,3000,18,216626,3108278,0,2200,,#REF!
66,2,3,8,3,13,4,3000,18,225025,3333303,0,2300,,#REF!
67,2,3,8,4,13,8,3000,18,233749,3567052,0,2400,,#REF!
68,2,3,8,4,13,8,3000,18,242811,3809863,0,2500,,#REF!
69,2,3,8,4,13,8,3000,18,252225,4062088,0,2500,,#REF!
70,2,3,8,4,13,8,3000,18,262004,4324092,2,2600,,#REF!
71,2,3,8,4,13,8,3000,18,272162,4596254,0,2700,,#REF!
72,2,3,8,4,13,8,3000,18,282713,4878967,0,2800,,#REF!
73,2,3,8,4,13,8,3000,18,293674,5172641,0,3000,,#REF!
74,2,3,8,4,13,8,3000,18,305060,5477701,0,3100,,#REF!
75,2,3,8,4,13,8,3000,18,316887,5794588,0,3200,,#REF!
76,2,3,8,4,13,8,3000,18,329173,6123761,0,3300,,#REF!
77,2,3,8,4,13,8,3000,18,341935,6465696,0,3400,,#REF!
78,2,3,8,4,13,8,3000,18,355191,6820887,0,3600,,#REF!
79,2,3,8,4,13,8,3000,18,368962,7189849,0,3700,,#REF!
80,2,3,8,4,14,8,5000,19,307468,7497317,2,3100,,#REF!
81,2,3,8,4,14,8,5000,19,314074,7811391,0,3200,,#REF!
82,2,3,8,4,14,8,5000,19,320821,8132212,0,3200,,#REF!
83,2,3,8,4,14,8,5000,19,327714,8459926,0,3300,,#REF!
84,2,3,8,4,14,8,5000,19,334754,8794680,0,3400,,#REF!
85,2,3,9,4,14,8,5000,19,341946,9136626,0,3400,,#REF!
86,2,3,9,4,14,8,5000,19,349292,9485918,0,3500,,#REF!
87,2,3,9,4,14,8,5000,19,356796,9842714,0,3600,,#REF!
88,2,3,9,4,14,8,5000,19,364462,10207176,0,3700,,#REF!
89,2,4,9,4,14,8,5000,19,372291,10579467,0,3700,,#REF!
90,2,4,9,4,14,8,5000,19,380290,10959757,3,3800,,#REF!
91,2,4,9,4,14,8,5000,19,388460,11348217,0,3900,,#REF!
92,2,4,9,4,14,8,5000,19,396805,11745022,0,4000,,#REF!
93,2,4,9,4,14,8,5000,19,405330,12150352,0,4100,,#REF!
94,2,4,9,4,14,8,5000,19,414038,12564390,0,4200,,#REF!
95,2,4,9,4,14,8,5000,19,422933,12987323,0,4300,,#REF!
96,2,4,9,4,14,8,5000,19,432019,13419342,0,4300,,#REF!
97,2,4,9,4,14,8,5000,19,441300,13860642,0,4400,,#REF!
98,2,4,9,4,14,8,5000,19,450781,14311423,0,4500,,#REF!
99,2,4,9,4,14,8,5000,19,460465,14771888,0,4600,,#REF!
100,3,4,9,5,14,15,5000,19,470358,15242246,3,4700,,#REF!
101,3,4,9,5,14,15,5000,19,480463,15722709,0,4800,,#REF!
102,3,4,9,5,14,15,5000,19,490785,16213494,0,4900,,#REF!
103,3,4,9,5,14,15,5000,19,501329,16714823,0,5000,,#REF!
104,3,4,9,5,14,15,5000,19,512099,17226922,0,5100,,#REF!
105,3,4,9,5,14,15,5000,19,523101,17750023,0,5300,,#REF!
106,3,4,9,5,14,15,5000,19,534339,18284362,0,5400,,#REF!
107,3,4,9,5,14,15,5000,19,545818,18830180,0,5500,,#REF!
108,3,4,9,5,14,15,5000,19,557544,19387724,0,5600,,#REF!
109,3,4,9,5,14,15,5000,19,569522,19957246,0,5700,,#REF!
110,3,4,9,5,14,15,5000,19,581758,20539004,3,5800,,#REF!
111,3,4,9,5,14,15,5000,19,594256,21133260,0,6000,,#REF!
112,3,4,9,5,14,15,5000,19,607023,21740283,0,6100,,#REF!
113,3,4,9,5,14,15,5000,19,620064,22360347,0,6200,,#REF!
114,3,4,9,5,14,15,5000,19,633385,22993732,0,6400,,#REF!
115,3,4,9,5,15,15,10000,20,633385,23627117,0,6400,,#REF!
116,3,4,9,5,15,15,10000,20,642994,24270111,0,6500,,#REF!
117,3,4,9,5,15,15,10000,20,652748,24922859,0,6500,,#REF!
118,3,4,9,5,15,15,10000,20,662650,25585509,0,6600,,#REF!
119,3,4,9,5,15,15,10000,20,672703,26258212,0,6700,,#REF!
120,3,4,9,5,15,15,10000,20,682908,26941120,3,6900,,#REF!
121,3,4,9,5,15,15,10000,20,693268,27634388,0,7000,,#REF!
122,3,4,9,5,15,15,10000,20,703785,28338173,0,7100,,#REF!
123,3,4,9,5,15,15,10000,20,714462,29052635,0,7200,,#REF!
124,3,4,9,5,15,15,10000,20,725300,29777935,0,7300,,#REF!
125,3,4,9,5,15,15,10000,20,736303,30514238,0,7400,,#REF!
126,3,4,9,5,15,15,10000,20,747473,31261711,0,7500,,#REF!
127,3,4,9,5,15,15,10000,20,758813,32020524,0,7600,,#REF!
128,3,4,9,5,15,15,10000,20,770324,32790848,0,7700,,#REF!
129,3,4,9,5,15,15,10000,20,782010,33572858,0,7800,,#REF!
130,3,4,9,5,15,15,10000,20,793874,34366732,3,8000,,#REF!
131,3,4,9,5,15,15,10000,20,805917,35172649,0,8100,,#REF!
132,3,4,9,5,15,15,10000,20,818143,35990792,0,8200,,#REF!
133,3,4,9,5,15,15,10000,20,830554,36821346,0,8300,,#REF!
134,3,4,9,5,15,15,10000,20,843154,37664500,0,8500,,#REF!
135,3,4,9,5,15,15,10000,20,855945,38520445,0,8600,,#REF!
136,3,4,9,5,15,15,10000,20,868930,39389375,0,8700,,#REF!
137,3,4,9,6,15,30,10000,20,882112,40271487,0,8800,,#REF!
138,3,4,9,6,15,30,10000,20,895494,41166981,0,9000,,#REF!
139,3,4,9,6,15,30,10000,20,909079,42076060,0,9100,,#REF!
140,3,4,9,6,15,30,10000,20,922870,42998930,3,9300,,#REF!
141,3,4,9,6,15,30,10000,20,936870,43935800,0,9400,,#REF!
142,3,4,9,6,15,30,10000,20,951082,44886882,0,9500,,#REF!
143,3,4,9,6,15,30,10000,20,965511,45852393,0,9700,,#REF!
144,3,4,10,6,15,30,10000,20,980158,46832551,0,9800,,#REF!
145,3,4,10,6,15,30,10000,20,995027,47827578,0,10000,,#REF!
146,3,4,10,6,15,30,10000,20,1010122,48837700,0,10000,,#REF!
147,3,4,10,6,15,30,10000,20,1025446,49863146,0,10000,,#REF!
148,3,4,10,6,15,30,10000,20,1041002,50904148,0,10000,,#REF!
149,3,4,10,6,15,30,10000,20,1056794,51960942,0,11000,,#REF!
150,3,4,10,6,15,30,10000,20,1072826,53033768,3,11000,,#REF!
151,3,4,10,6,15,30,10000,20,1089101,54122869,0,11000,,#REF!
152,3,4,10,6,15,30,10000,20,1105623,55228492,0,11000,,#REF!
153,3,4,10,6,15,30,10000,20,1122396,56350888,0,11000,,#REF!
154,3,4,10,6,15,30,10000,20,1139423,57490311,0,11000,,#REF!
155,3,4,10,6,15,30,10000,20,1156708,58647019,0,12000,,#REF!
156,3,4,10,6,15,30,10000,20,1174256,59821275,0,12000,,#REF!
157,3,4,10,6,15,30,10000,20,1192070,61013345,0,12000,,#REF!
158,3,4,10,6,15,30,10000,20,1210154,62223499,0,12000,,#REF!
159,3,4,10,6,15,30,10000,20,1228512,63452011,0,12000,,#REF!
160,3,4,10,6,15,30,10000,20,1247149,64699160,3,12000,,#REF!
161,3,4,10,6,15,30,10000,20,1266069,65965229,0,13000,,#REF!
162,3,4,10,6,15,30,10000,20,1285275,67250504,0,13000,,#REF!
163,3,4,10,6,15,30,10000,20,1304773,68555277,0,13000,,#REF!
164,3,4,10,6,16,30,20000,21,1304773,69860050,0,13000,,#REF!
165,3,4,10,6,16,30,20000,21,1324567,71184617,0,13000,,#REF!
166,3,4,10,6,16,30,20000,21,1344661,72529278,0,13000,,#REF!
167,3,4,10,6,16,30,20000,21,1365060,73894338,0,14000,,#REF!
168,3,4,10,6,16,30,20000,21,1385768,75280106,0,14000,,#REF!
169,3,4,10,6,16,30,20000,21,1406791,76686897,0,14000,,#REF!
170,3,4,10,6,16,30,20000,21,1428132,78115029,3,14000,,#REF!
171,3,4,10,6,16,30,20000,21,1449797,79564826,0,15000,,#REF!
172,3,4,10,6,16,30,20000,21,1471791,81036617,0,15000,,#REF!
173,3,4,10,6,16,30,20000,21,1494119,82530736,0,15000,,#REF!
174,3,4,10,6,16,30,20000,21,1516785,84047521,0,15000,,#REF!
175,3,4,10,6,16,30,20000,21,1539795,85587316,0,15000,,#REF!
176,3,4,10,6,16,30,20000,21,1563154,87150470,0,16000,,#REF!
177,3,4,10,7,16,50,20000,21,1586868,88737338,0,16000,,#REF!
178,3,4,10,7,16,50,20000,21,1610941,90348279,0,16000,,#REF!
179,3,4,10,7,16,50,20000,21,1635379,91983658,0,16000,,#REF!
180,3,4,10,7,16,50,20000,21,1660189,93643847,3,17000,,#REF!
181,3,4,10,7,16,50,20000,21,1685374,95329221,0,17000,,#REF!
182,3,4,10,7,16,50,20000,21,1710942,97040163,0,17000,,#REF!
183,3,4,10,7,16,50,20000,21,1736897,98777060,0,17000,,#REF!
184,3,4,10,7,16,50,20000,21,1763247,100540307,0,18000,,#REF!
185,3,4,10,7,16,50,20000,21,1789995,102330302,0,18000,,#REF!
186,3,4,10,7,16,50,20000,21,1817150,104147452,0,18000,,#REF!
187,3,4,10,7,16,50,20000,21,1844717,105992169,0,18000,,#REF!
188,3,4,10,7,16,50,20000,21,1872702,107864871,0,19000,,#REF!
189,3,4,10,7,16,50,20000,21,1901111,109765982,0,19000,,#REF!
190,3,4,10,7,16,50,20000,21,1929952,111695934,3,19000,,#REF!
191,3,5,10,7,16,50,20000,21,1959230,113655164,0,20000,,#REF!
192,3,5,10,7,16,50,20000,21,1988952,115644116,0,20000,,#REF!
193,3,5,10,7,16,50,20000,21,2019125,117663241,0,20000,,#REF!
194,3,5,10,7,16,50,20000,21,2049755,119712996,0,21000,,#REF!
195,3,5,10,7,16,50,20000,21,2080851,121793847,0,21000,,#REF!
196,3,5,10,7,16,50,20000,21,2112418,123906265,0,21000,,#REF!
197,3,5,10,7,16,50,20000,21,2144464,126050729,0,21000,,#REF!
198,3,5,10,7,16,50,20000,21,2176996,128227725,0,22000,,#REF!
199,3,5,10,7,16,50,20000,21,2210022,130437747,0,22000,,#REF!
200,4,5,10,7,16,50,20000,21,2243548,132681295,3,22000,,#REF!
201,4,5,10,7,16,50,20000,21,2277584,134958879,0,23000,,#REF!
202,4,5,10,7,16,50,20000,21,2312135,137271014,0,23000,,#REF!
203,4,5,10,7,16,50,20000,21,2347211,139618225,0,23000,,#REF!
204,4,5,10,7,16,50,20000,21,2382819,142001044,0,24000,,#REF!
205,4,5,10,7,16,50,20000,21,2418967,144420011,0,24000,,#REF!
206,4,5,10,7,16,50,20000,21,2455663,146875674,0,25000,,#REF!
207,4,5,11,7,16,50,20000,21,2492917,149368591,0,25000,,#REF!
208,4,5,11,7,16,50,20000,21,2530735,151899326,0,25000,,#REF!
209,4,5,11,7,16,50,20000,21,2569127,154468453,0,26000,,#REF!
210,4,5,11,7,16,50,20000,21,2608101,157076554,3,26000,,#REF!
211,4,5,11,7,16,50,20000,21,2647667,159724221,0,26000,,#REF!
212,4,5,11,7,16,50,20000,21,2687833,162412054,0,27000,,#REF!
213,4,5,11,7,17,50,40000,22,2687833,165099887,0,27000,,#REF!
214,4,5,11,7,17,50,40000,22,2727770,167827657,0,27000,,#REF!
215,4,5,11,7,17,50,40000,22,2768300,170595957,0,28000,,#REF!
216,4,5,11,7,17,50,40000,22,2809433,173405390,0,28000,,#REF!
217,4,5,11,7,17,50,40000,22,2851176,176256566,0,29000,,#REF!
218,4,5,11,7,17,50,40000,22,2893540,179150106,0,29000,,#REF!
219,4,5,11,7,17,50,40000,22,2936534,182086640,0,29000,,#REF!
220,4,5,11,8,17,100,40000,22,2980166,185066806,3,30000,,#REF!
221,4,5,11,8,17,100,40000,22,3024446,188091252,0,30000,,#REF!
222,4,5,11,8,17,100,40000,22,3069385,191160637,0,31000,,#REF!
223,4,5,11,8,17,100,40000,22,3114991,194275628,0,31000,,#REF!
224,4,5,11,8,17,100,40000,22,3161275,197436903,0,32000,,#REF!
225,4,5,11,8,17,100,40000,22,3208246,200645149,0,32000,,#REF!
226,4,5,11,8,17,100,40000,22,3255916,203901065,0,33000,,#REF!
227,4,5,11,8,17,100,40000,22,3304293,207205358,0,33000,,#REF!
228,4,5,11,8,17,100,40000,22,3353390,210558748,0,34000,,#REF!
229,4,5,11,8,17,100,40000,22,3403216,213961964,0,34000,,#REF!
230,4,5,11,8,17,100,40000,22,3453782,217415746,3,35000,,#REF!
231,4,5,11,8,17,100,40000,22,3505100,220920846,0,35000,,#REF!
232,4,5,11,8,17,100,40000,22,3557180,224478026,0,36000,,#REF!
233,4,5,11,8,17,100,40000,22,3610034,228088060,0,36000,,#REF!
234,4,5,11,8,17,100,40000,22,3663674,231751734,0,37000,,#REF!
235,4,5,11,8,17,100,40000,22,3718110,235469844,0,37000,,#REF!
236,4,5,11,8,17,100,40000,22,3773355,239243199,0,38000,,#REF!
237,4,5,11,8,17,100,40000,22,3829421,243072620,0,38000,,#REF!
238,4,5,11,8,17,100,40000,22,3886320,246958940,0,39000,,#REF!
239,4,5,11,8,17,100,40000,22,3944065,250903005,0,39000,,#REF!
240,4,5,11,8,17,100,40000,22,4002667,254905672,3,40000,,#REF!
241,4,5,11,8,17,100,40000,22,4062140,258967812,0,41000,,#REF!
242,4,5,11,8,17,100,40000,22,4122497,263090309,0,41000,,#REF!
243,4,5,11,8,17,100,40000,22,4183751,267274060,0,42000,,#REF!
244,4,5,11,8,17,100,40000,22,4245915,271519975,0,42000,,#REF!
245,4,5,11,8,17,100,40000,22,4309003,275828978,0,43000,,#REF!
246,4,5,11,8,17,100,40000,22,4373027,280202005,0,44000,,#REF!
247,4,5,11,8,17,100,40000,22,4438004,284640009,0,44000,,#REF!
248,4,5,11,8,17,100,40000,22,4503945,289143954,0,45000,,#REF!
249,4,5,11,8,17,100,40000,22,4570867,293714821,0,46000,,#REF!
250,4,5,11,8,17,100,40000,22,4638783,298353604,3,46000,,#REF!
251,4,5,11,8,17,100,40000,22,4707708,303061312,0,47000,,#REF!
252,4,5,11,8,17,100,40000,22,4777657,307838969,0,48000,,#REF!
253,4,5,11,8,17,100,40000,22,4848645,312687614,0,49000,,#REF!
254,4,5,11,8,17,100,40000,22,4920688,317608302,0,49000,,#REF!
255,4,5,11,8,17,100,40000,22,4993802,322602104,0,50000,,#REF!
256,4,5,11,8,17,100,40000,22,5068002,327670106,0,51000,,#REF!
257,4,5,11,8,17,100,40000,22,5143304,332813410,0,51000,,#REF!
258,4,5,11,8,17,100,40000,22,5219725,338033135,0,52000,,#REF!
259,4,5,11,8,17,100,40000,22,5297282,343330417,0,53000,,#REF!
260,4,5,11,8,17,100,40000,22,5375991,348706408,3,54000,,#REF!
261,4,5,11,8,17,100,40000,22,5455870,354162278,0,55000,,#REF!
262,4,5,11,8,17,100,40000,22,5536935,359699213,0,55000,,#REF!
263,4,5,11,8,18,100,80000,23,5536935,365236148,0,55000,,#REF!
264,4,5,11,8,18,100,80000,23,5617548,370853696,0,56000,,#REF!
265,4,5,11,9,18,200,80000,23,5699335,376553031,0,57000,,#REF!
266,4,5,11,9,18,200,80000,23,5782312,382335343,0,58000,,#REF!
267,4,5,11,9,18,200,80000,23,5866497,388201840,0,59000,,#REF!
268,4,5,11,9,18,200,80000,23,5951908,394153748,0,60000,,#REF!
269,4,5,11,9,18,200,80000,23,6038562,400192310,0,60000,,#REF!
270,4,5,11,9,18,200,80000,23,6126478,406318788,3,61000,,#REF!
271,4,5,11,9,18,200,80000,23,6215674,412534462,0,62000,,#REF!
272,4,5,11,9,18,200,80000,23,6306168,418840630,0,63000,,#REF!
273,4,5,11,9,18,200,80000,23,6397980,425238610,0,64000,,#REF!
274,4,5,12,9,18,200,80000,23,6491129,431729739,0,65000,,#REF!
275,4,5,12,9,18,200,80000,23,6585634,438315373,0,66000,,#REF!
276,4,5,12,9,18,200,80000,23,6681515,444996888,0,67000,,#REF!
277,4,5,12,9,18,200,80000,23,6778792,451775680,0,68000,,#REF!
278,4,5,12,9,18,200,80000,23,6877485,458653165,0,69000,,#REF!
279,4,5,12,9,18,200,80000,23,6977615,465630780,0,70000,,#REF!
280,4,5,12,9,18,200,80000,23,7079202,472709982,3,71000,,#REF!
281,4,5,12,9,18,200,80000,23,7182269,479892251,0,72000,,#REF!
282,4,5,12,9,18,200,80000,23,7286836,487179087,0,73000,,#REF!
283,4,5,12,9,18,200,80000,23,7392926,494572013,0,74000,,#REF!
284,4,5,12,9,18,200,80000,23,7500560,502072573,0,75000,,#REF!
285,4,5,12,9,18,200,80000,23,7609761,509682334,0,76000,,#REF!
286,4,5,12,9,18,200,80000,23,7720553,517402887,0,77000,,#REF!
287,4,5,12,9,18,200,80000,23,7832957,525235844,0,78000,,#REF!
288,4,5,12,9,18,200,80000,23,7946997,533182841,0,79000,,#REF!
289,4,5,12,9,18,200,80000,23,8062698,541245539,0,81000,,#REF!
290,4,5,12,9,18,200,80000,23,8180084,549425623,3,82000,,#REF!
291,4,5,12,9,18,200,80000,23,8299179,557724802,0,83000,,#REF!
292,4,5,12,9,18,200,80000,23,8420007,566144809,0,84000,,#REF!
293,4,5,12,9,18,200,80000,23,8542595,574687404,0,85000,,#REF!
294,4,5,12,9,18,200,80000,23,8666967,583354371,0,87000,,#REF!
295,4,5,12,9,18,200,80000,23,8793150,592147521,0,88000,,#REF!
296,4,5,12,9,18,200,80000,23,8921170,601068691,0,89000,,#REF!
297,4,5,12,9,18,200,80000,23,9051054,610119745,0,91000,,#REF!
298,4,5,12,9,18,200,80000,23,9182829,619302574,0,92000,,#REF!
299,4,5,12,9,18,200,80000,23,9316523,628619097,0,93000,,#REF!
300,5,5,12,9,18,200,80000,23,9452163,638071260,4,95000,,#REF!
301,5,5,12,9,18,200,80000,23,9589778,647661038,0,96000,,#REF!
302,5,5,12,9,18,200,80000,23,9729396,657390434,0,97000,,#REF!
303,5,5,12,9,18,200,80000,23,9871047,667261481,0,99000,,#REF!
304,5,5,12,9,18,200,80000,23,10014761,677276242,0,100000,,#REF!
305,5,6,12,9,18,200,80000,23,10160567,687436809,0,100000,,#REF!
306,5,6,12,9,18,200,80000,23,10308495,697745304,0,100000,,#REF!
307,5,6,12,9,18,200,80000,23,10458577,708203881,0,100000,,#REF!
308,5,6,12,9,18,200,80000,23,10610845,718814726,0,110000,,#REF!
309,5,6,12,9,18,200,80000,23,10765329,729580055,0,110000,,#REF!
310,5,6,12,9,18,200,80000,23,10922062,740502117,4,110000,,#REF!
311,5,6,12,9,18,200,80000,23,11081078,751583195,0,110000,,#REF!
312,5,6,12,10,18,400,80000,23,11242408,762825603,0,110000,,#REF!
313,5,6,12,10,18,400,80000,23,11406087,774231690,0,110000,,#REF!
314,5,6,12,10,19,400,150000,24,10693207,784924897,0,110000,,#REF!
315,5,6,12,10,19,400,150000,24,10845816,795770713,0,110000,,#REF!
316,5,6,12,10,19,400,150000,24,11000603,806771316,0,110000,,#REF!
317,5,6,12,10,19,400,150000,24,11157599,817928915,0,110000,,#REF!
318,5,6,12,10,19,400,150000,24,11316835,829245750,0,110000,,#REF!
319,5,6,12,10,19,400,150000,24,11478345,840724095,0,110000,,#REF!
320,5,6,12,10,19,400,150000,24,11642159,852366254,4,120000,,#REF!
321,5,6,12,10,19,400,150000,24,11808311,864174565,0,120000,,#REF!
322,5,6,12,10,19,400,150000,24,11976834,876151399,0,120000,,#REF!
323,5,6,12,10,19,400,150000,24,12147763,888299162,0,120000,,#REF!
324,5,6,12,10,19,400,150000,24,12321130,900620292,0,120000,,#REF!
325,5,6,12,10,19,400,150000,24,12496972,913117264,0,120000,,#REF!
326,5,6,12,10,19,400,150000,24,12675324,925792588,0,130000,,#REF!
327,5,6,12,10,19,400,150000,24,12856221,938648809,0,130000,,#REF!
328,5,6,12,10,19,400,150000,24,13039700,951688509,0,130000,,#REF!
329,5,6,12,10,19,400,150000,24,13225797,964914306,0,130000,,#REF!
330,5,6,12,10,19,400,150000,24,13414550,978328856,4,130000,,#REF!
331,5,6,12,10,19,400,150000,24,13605997,991934853,0,140000,,#REF!
332,5,6,12,10,19,400,150000,24,13800176,1005735029,0,140000,,#REF!
333,5,6,12,10,19,400,150000,24,13997126,1019732155,0,140000,,#REF!
334,5,6,12,10,19,400,150000,24,14196888,1033929043,0,140000,,#REF!
335,5,6,12,10,19,400,150000,24,14399500,1048328543,0,140000,,#REF!
336,5,6,12,10,19,400,150000,24,14605003,1062933546,0,150000,,#REF!
337,5,6,12,10,19,400,150000,24,14813440,1077746986,0,150000,,#REF!
338,5,6,12,10,19,400,150000,24,15024851,1092771837,0,150000,,#REF!
339,5,6,12,10,19,400,150000,24,15239280,1108011117,0,150000,,#REF!
340,5,6,12,10,19,400,150000,24,15456768,1123467885,4,150000,,#REF!
341,5,6,12,10,19,400,150000,24,15677361,1139145246,0,160000,,#REF!
342,5,6,12,10,19,400,150000,24,15901102,1155046348,0,160000,,#REF!
343,5,6,12,10,19,400,150000,24,16128036,1171174384,0,160000,,#REF!
344,5,6,13,10,19,400,150000,24,16358208,1187532592,0,160000,,#REF!
345,5,6,13,10,19,400,150000,24,16591666,1204124258,0,170000,,#REF!
346,5,6,13,10,19,400,150000,24,16828455,1220952713,0,170000,,#REF!
347,5,6,13,10,19,400,150000,24,17068624,1238021337,0,170000,,#REF!
348,5,6,13,10,19,400,150000,24,17312220,1255333557,0,170000,,#REF!
349,5,6,13,10,19,400,150000,24,17559293,1272892850,0,180000,,#REF!
350,5,6,13,10,19,400,150000,24,17809892,1290702742,4,180000,,#REF!
351,5,6,13,10,19,400,150000,24,18064068,1308766810,0,180000,,#REF!
352,5,6,13,10,19,400,150000,24,18321871,1327088681,0,180000,,#REF!
353,5,6,13,10,19,400,150000,24,18583353,1345672034,0,190000,,#REF!
354,5,6,13,10,19,400,150000,24,18848567,1364520601,0,190000,,#REF!
355,5,6,13,10,19,400,150000,24,19117566,1383638167,0,190000,,#REF!
356,5,6,13,10,19,400,150000,24,19390404,1403028571,0,190000,,#REF!
357,5,6,13,10,19,400,150000,24,19667135,1422695706,0,200000,,#REF!
358,5,6,13,10,19,400,150000,24,19947817,1442643523,0,200000,,#REF!
359,5,6,13,10,19,400,150000,24,20232504,1462876027,0,200000,,#REF!
360,5,6,13,10,19,400,150000,24,20521253,1483397280,4,210000,,#REF!
361,5,6,13,10,19,400,150000,24,20814124,1504211404,0,210000,,#REF!
362,5,6,13,11,19,800,150000,24,21111175,1525322579,0,210000,,#REF!
363,5,6,13,11,19,800,150000,24,21412465,1546735044,0,210000,,#REF!
364,5,6,13,11,19,800,150000,24,21718055,1568453099,0,220000,,#REF!
365,5,6,13,11,19,800,150000,24,22028006,1590481105,0,220000,,#REF!
366,5,6,13,11,20,800,300000,25,22028006,1612509111,0,220000,,#REF!
367,5,6,13,11,20,800,300000,25,22342380,1634851491,0,220000,,#REF!
368,5,6,13,11,20,800,300000,25,22661241,1657512732,0,230000,,#REF!
369,5,6,13,11,20,800,300000,25,22984653,1680497385,0,230000,,#REF!
370,5,6,13,11,20,800,300000,25,23312681,1703810066,4,230000,,#REF!
371,5,6,13,11,20,800,300000,25,23645390,1727455456,0,240000,,#REF!
372,5,6,13,11,20,800,300000,25,23982847,1751438303,0,240000,,#REF!
373,5,6,13,11,20,800,300000,25,24325120,1775763423,0,240000,,#REF!
374,5,6,13,11,20,800,300000,25,24672278,1800435701,0,250000,,#REF!
375,5,6,13,11,20,800,300000,25,25024391,1825460092,0,250000,,#REF!
376,5,6,13,11,20,800,300000,25,25381529,1850841621,0,250000,,#REF!
377,5,6,13,11,20,800,300000,25,25743763,1876585384,0,260000,,#REF!
378,5,6,13,11,20,800,300000,25,26111168,1902696552,0,260000,,#REF!
379,5,6,13,11,20,800,300000,25,26483815,1929180367,0,260000,,#REF!
380,5,6,13,11,20,800,300000,25,26861781,1956042148,4,270000,,#REF!
381,5,6,13,11,20,800,300000,25,27245142,1983287290,0,270000,,#REF!
382,5,6,13,11,20,800,300000,25,27633973,2010921263,0,280000,,#REF!
383,5,6,13,11,20,800,300000,25,28028354,2038949617,0,280000,,#REF!
384,5,6,13,11,20,800,300000,25,28428363,2067377980,0,280000,,#REF!
385,5,6,13,11,20,800,300000,25,28834080,2096212060,0,290000,,#REF!
386,5,6,13,11,20,800,300000,25,29245588,2125457648,0,290000,,#REF!
387,5,6,13,11,20,800,300000,25,29662969,2155120617,0,300000,,#REF!
388,5,6,13,11,20,800,300000,25,30086307,2185206924,0,300000,,#REF!
389,5,6,13,11,20,800,300000,25,30515686,2215722610,0,310000,,#REF!
390,5,6,13,11,20,800,300000,25,30951194,2246673804,4,310000,,#REF!
391,5,6,13,11,20,800,300000,25,31392916,2278066720,0,310000,,#REF!
392,5,6,13,11,20,800,300000,25,31840943,2309907663,0,320000,,#REF!
393,5,6,13,11,20,800,300000,25,32295364,2342203027,0,320000,,#REF!
394,5,6,13,11,20,800,300000,25,32756270,2374959297,0,330000,,#REF!
395,5,6,13,11,20,800,300000,25,33223754,2408183051,0,330000,,#REF!
396,5,6,13,11,20,800,300000,25,33697909,2441880960,0,340000,,#REF!
397,5,6,13,11,20,800,300000,25,34178832,2476059792,0,340000,,#REF!
398,5,6,13,11,20,800,300000,25,34666618,2510726410,0,350000,,#REF!
399,5,6,13,11,20,800,300000,25,35161366,2545887776,0,350000,,#REF!
400,6,6,13,11,20,800,300000,25,35663174,2581550950,4,360000,,#REF!
401,6,6,13,11,20,800,300000,25,36172144,2617723094,0,360000,,#REF!
402,6,6,13,11,20,800,300000,25,36688378,2654411472,0,370000,,#REF!
403,6,6,13,11,20,800,300000,25,37211979,2691623451,0,370000,,#REF!
404,6,6,13,11,20,800,300000,25,37743053,2729366504,0,380000,,#REF!
405,6,6,13,11,20,800,300000,25,38281707,2767648211,0,380000,,#REF!
406,6,6,13,11,20,800,300000,25,38828047,2806476258,0,390000,,#REF!
407,6,6,13,11,20,800,300000,25,39382185,2845858443,0,390000,,#REF!
408,6,6,13,11,20,800,300000,25,39944231,2885802674,0,400000,,#REF!
409,6,6,13,11,20,800,300000,25,40514299,2926316973,0,410000,,#REF!
410,6,6,13,11,20,800,300000,25,41092502,2967409475,4,410000,,#REF!
411,6,6,13,11,20,800,300000,25,41678957,3009088432,0,420000,,#REF!
412,6,6,13,11,20,800,300000,25,42273782,3051362214,0,420000,,#REF!
413,6,6,13,12,20,1500,300000,25,42877096,3094239310,0,430000,,#REF!
414,6,6,13,12,20,1500,300000,25,43489020,3137728330,0,430000,,#REF!
415,6,6,13,12,20,1500,300000,25,44109677,3181838007,0,440000,,#REF!
416,6,6,13,12,20,1500,300000,25,44739193,3226577200,0,450000,,#REF!
417,6,6,14,12,20,1500,300000,25,45377692,3271954892,0,450000,,#REF!
418,6,6,14,12,21,1500,500000,26,37814743,3309769635,0,380000,,#REF!
419,6,6,14,12,21,1500,500000,26,38333915,3348103550,0,380000,,#REF!
420,6,6,14,12,21,1500,500000,26,38860215,3386963765,4,390000,,#REF!
421,6,6,14,12,21,1500,500000,26,39393741,3426357506,0,390000,,#REF!
422,6,6,14,12,21,1500,500000,26,39934592,3466292098,0,400000,,#REF!
423,6,6,14,12,21,1500,500000,26,40482868,3506774966,0,400000,,#REF!
424,6,6,14,12,21,1500,500000,26,41038671,3547813637,0,410000,,#REF!
425,6,6,14,12,21,1500,500000,26,41602106,3589415743,0,420000,,#REF!
426,6,6,14,12,21,1500,500000,26,42173276,3631589019,0,420000,,#REF!
427,6,6,14,12,21,1500,500000,26,42752288,3674341307,0,430000,,#REF!
428,6,6,14,12,21,1500,500000,26,43339249,3717680556,0,430000,,#REF!
429,6,7,14,12,21,1500,500000,26,43934269,3761614825,0,440000,,#REF!
430,6,7,14,12,21,1500,500000,26,44537459,3806152284,4,450000,,#REF!
431,6,7,14,12,21,1500,500000,26,45148929,3851301213,0,450000,,#REF!
432,6,7,14,12,21,1500,500000,26,45768795,3897070008,0,460000,,#REF!
433,6,7,14,12,21,1500,500000,26,46397171,3943467179,0,460000,,#REF!
434,6,7,14,12,21,1500,500000,26,47034174,3990501353,0,470000,,#REF!
435,6,7,14,12,21,1500,500000,26,47679923,4038181276,0,480000,,#REF!
436,6,7,14,12,21,1500,500000,26,48334538,4086515814,0,480000,,#REF!
437,6,7,14,12,21,1500,500000,26,48998140,4135513954,0,490000,,#REF!
438,6,7,14,12,21,1500,500000,26,49670853,4185184807,0,500000,,#REF!
439,6,7,14,12,21,1500,500000,26,50352801,4235537608,0,500000,,#REF!
440,6,7,14,12,21,1500,500000,26,51044113,4286581721,4,510000,,#REF!
441,6,7,14,12,21,1500,500000,26,51744916,4338326637,0,520000,,#REF!
442,6,7,14,12,21,1500,500000,26,52455340,4390781977,0,520000,,#REF!
443,6,7,14,12,21,1500,500000,26,53175518,4443957495,0,530000,,#REF!
444,6,7,14,12,21,1500,500000,26,53905584,4497863079,0,540000,,#REF!
445,6,7,14,12,21,1500,500000,26,54645673,4552508752,0,550000,,#REF!
446,6,7,14,12,21,1500,500000,26,55395923,4607904675,0,550000,,#REF!
447,6,7,14,12,21,1500,500000,26,56156473,4664061148,0,560000,,#REF!
448,6,7,14,12,21,1500,500000,26,56927465,4720988613,0,570000,,#REF!
449,6,7,14,12,21,1500,500000,26,57709042,4778697655,0,580000,,#REF!
450,6,7,14,12,21,1500,500000,26,58501350,4837199005,4,590000,,#REF!
451,6,7,14,12,21,1500,500000,26,59304536,4896503541,0,590000,,#REF!
452,6,7,14,12,21,1500,500000,26,60118749,4956622290,0,600000,,#REF!
453,6,7,14,12,21,1500,500000,26,60944141,5017566431,0,610000,,#REF!
454,6,7,14,12,21,1500,500000,26,61780865,5079347296,0,620000,,#REF!
455,6,7,14,12,21,1500,500000,26,62629076,5141976372,0,630000,,#REF!
456,6,7,14,12,21,1500,500000,26,63488933,5205465305,0,630000,,#REF!
457,6,7,14,12,21,1500,500000,26,64360595,5269825900,0,640000,,#REF!
458,6,7,14,12,21,1500,500000,26,65244225,5335070125,0,650000,,#REF!
459,6,7,14,12,21,1500,500000,26,66139986,5401210111,0,660000,,#REF!
460,6,7,14,12,21,1500,500000,26,67048045,5468258156,4,670000,,#REF!
461,6,7,14,12,21,1500,500000,26,67968572,5536226728,0,680000,,#REF!
462,6,7,14,12,21,1500,500000,26,68901737,5605128465,0,690000,,#REF!
463,6,7,14,12,21,1500,500000,26,69847713,5674976178,0,700000,,#REF!
464,6,7,14,12,21,1500,500000,26,70806677,5745782855,0,710000,,#REF!
465,6,7,14,12,21,1500,500000,26,71778807,5817561662,0,720000,,#REF!
466,6,7,14,13,21,3000,500000,26,72764284,5890325946,0,730000,,#REF!
467,6,7,14,13,21,3000,500000,26,73763291,5964089237,0,740000,,#REF!
468,6,7,14,13,21,3000,500000,26,74776013,6038865250,0,750000,,#REF!
469,6,7,14,13,21,3000,500000,26,75802640,6114667890,0,760000,,#REF!
470,6,7,14,13,21,3000,500000,26,76843361,6191511251,4,770000,,#REF!
471,6,7,14,13,21,3000,500000,26,77898371,6269409622,0,780000,,#REF!
472,6,7,14,13,22,3000,1000000,27,77898371,6347307993,0,780000,,#REF!
473,6,7,14,13,22,3000,1000000,27,78967865,6426275858,0,790000,,#REF!
474,6,7,14,13,22,3000,1000000,27,80052043,6506327901,0,800000,,#REF!
475,6,7,14,13,22,3000,1000000,27,81151106,6587479007,0,810000,,#REF!
476,6,7,14,13,22,3000,1000000,27,82265259,6669744266,0,820000,,#REF!
477,6,7,14,13,22,3000,1000000,27,83394708,6753138974,0,830000,,#REF!
478,6,7,14,13,22,3000,1000000,27,84539663,6837678637,0,850000,,#REF!
479,6,7,14,13,22,3000,1000000,27,85700338,6923378975,0,860000,,#REF!
480,6,7,14,13,22,3000,1000000,27,86876949,7010255924,4,870000,,#REF!
481,6,7,14,13,22,3000,1000000,27,88069713,7098325637,0,880000,,#REF!
482,6,7,14,13,22,3000,1000000,27,89278854,7187604491,0,890000,,#REF!
483,6,7,14,13,22,3000,1000000,27,90504595,7278109086,0,910000,,#REF!
484,6,7,14,13,22,3000,1000000,27,91747165,7369856251,0,920000,,#REF!
485,6,7,14,13,22,3000,1000000,27,93006794,7462863045,0,930000,,#REF!
486,6,7,14,13,22,3000,1000000,27,94283717,7557146762,0,940000,,#REF!
487,6,7,14,13,22,3000,1000000,27,95578172,7652724934,0,960000,,#REF!
488,6,7,14,13,22,3000,1000000,27,96890399,7749615333,0,970000,,#REF!
489,6,7,14,13,22,3000,1000000,27,98220642,7847835975,0,980000,,#REF!
490,6,7,14,13,22,3000,1000000,27,99569148,7947405123,4,1000000,,#REF!
491,6,7,14,13,22,3000,1000000,27,100936168,8048341291,0,1000000,,#REF!
492,6,7,14,13,22,3000,1000000,27,102321956,8150663247,0,1000000,,#REF!
493,6,7,15,13,22,3000,1000000,27,103726771,8254390018,0,1000000,,#REF!
494,6,7,15,13,22,3000,1000000,27,105150873,8359540891,0,1000000,,#REF!
495,6,7,15,13,22,3000,1000000,27,106594526,8466135417,0,1000000,,#REF!
496,6,7,15,13,22,3000,1000000,27,108058001,8574193418,0,1000000,,#REF!
497,6,7,15,13,22,3000,1000000,27,109541567,8683734985,0,1000000,,#REF!
498,6,7,15,13,22,3000,1000000,27,111045502,8794780487,0,1000000,,#REF!
499,6,7,15,13,22,3000,1000000,27,112570086,8907350573,0,1000000,,#REF!
500,6,7,15,13,22,3000,1000000,27,114115600,9021466173,4,1000000,,#REF!
501,6,7,15,13,22,3000,1000000,27,115682334,9137148507,0,1000000,,#REF!
502,6,7,15,13,22,3000,1000000,27,117270578,9254419085,0,1000000,,#REF!
503,6,7,15,13,22,3000,1000000,27,118880627,9373299712,0,1000000,,#REF!
504,6,7,15,13,22,3000,1000000,27,120512782,9493812494,0,1000000,,#REF!
505,6,7,15,13,22,3000,1000000,27,122167345,9615979839,0,1000000,,#REF!
506,6,7,15,13,22,3000,1000000,27,123844624,9739824463,0,1000000,,#REF!
507,6,7,15,13,22,3000,1000000,27,125544931,9865369394,0,1000000,,#REF!
508,6,7,15,13,22,3000,1000000,27,127268582,9992637976,0,1000000,,#REF!
509,6,7,15,13,22,3000,1000000,27,129015897,10121653873,0,1000000,,#REF!
510,6,7,15,13,22,3000,1000000,27,130787202,10252441075,4,1000000,,#REF!
511,6,7,15,13,22,3000,1000000,27,132582826,10385023901,0,1000000,,#REF!
512,6,7,15,13,22,3000,1000000,27,134403103,10519427004,0,1000000,,#REF!
513,6,7,15,13,22,3000,1000000,27,136248371,10655675375,0,1000000,,#REF!
514,6,7,15,13,22,3000,1000000,27,138118973,10793794348,0,1000000,,#REF!
515,6,7,15,13,22,3000,1000000,27,140015258,10933809606,0,1000000,,#REF!
516,6,7,15,13,22,3000,1000000,27,141937577,11075747183,0,1000000,,#REF!
517,6,7,15,13,22,3000,1000000,27,143886289,11219633472,0,1000000,,#REF!
518,6,7,15,13,22,3000,1000000,27,145861755,11365495227,0,1000000,,#REF!
519,6,7,15,13,22,3000,1000000,27,147864343,11513359570,0,1000000,,#REF!
520,6,7,15,14,22,5000,1000000,27,149894425,11663253995,4,1000000,,#REF!
521,6,7,15,14,22,5000,1000000,27,151952379,11815206374,0,2000000,,#REF!
522,6,7,15,14,22,5000,1000000,27,154038587,11969244961,0,2000000,,#REF!
523,6,7,15,14,22,5000,1000000,27,156153438,12125398399,0,2000000,,#REF!
524,6,7,15,14,22,5000,1000000,27,158297324,12283695723,0,2000000,,#REF!
525,6,7,15,14,22,5000,1000000,27,160470644,12444166367,0,2000000,,#REF!
526,6,7,15,14,23,5000,2000000,28,160470644,12604637011,0,2000000,,#REF!
527,6,7,15,14,23,5000,2000000,28,162632730,12767269741,0,2000000,,#REF!
528,6,7,15,14,23,5000,2000000,28,164823946,12932093687,0,2000000,,#REF!
529,6,7,15,14,23,5000,2000000,28,167044685,13099138372,0,2000000,,#REF!
530,6,7,15,14,23,5000,2000000,28,169295346,13268433718,4,2000000,,#REF!
531,6,7,15,14,23,5000,2000000,28,171576330,13440010048,0,2000000,,#REF!
532,6,7,15,14,23,5000,2000000,28,173888047,13613898095,0,2000000,,#REF!
533,6,7,15,14,23,5000,2000000,28,176230911,13790129006,0,2000000,,#REF!
534,6,7,15,14,23,5000,2000000,28,178605341,13968734347,0,2000000,,#REF!
535,6,7,15,14,23,5000,2000000,28,181011763,14149746110,0,2000000,,#REF!
536,6,7,15,14,23,5000,2000000,28,183450608,14333196718,0,2000000,,#REF!
537,6,7,15,14,23,5000,2000000,28,185922312,14519119030,0,2000000,,#REF!
538,6,7,15,14,23,5000,2000000,28,188427318,14707546348,0,2000000,,#REF!
539,6,7,15,14,23,5000,2000000,28,190966075,14898512423,0,2000000,,#REF!
540,6,7,15,14,23,5000,2000000,28,193539038,15092051461,5,2000000,,#REF!
541,6,7,15,14,23,5000,2000000,28,196146668,15288198129,0,2000000,,#REF!
542,6,7,15,14,23,5000,2000000,28,198789431,15486987560,0,2000000,,#REF!
543,6,7,15,14,23,5000,2000000,28,201467801,15688455361,0,2000000,,#REF!
544,6,7,15,14,23,5000,2000000,28,204182258,15892637619,0,2000000,,#REF!
545,6,7,15,14,23,5000,2000000,28,206933288,16099570907,0,2000000,,#REF!
546,6,7,15,14,23,5000,2000000,28,209721383,16309292290,0,2000000,,#REF!
547,6,7,15,14,23,5000,2000000,28,212547044,16521839334,0,2000000,,#REF!
548,6,7,15,14,23,5000,2000000,28,215410776,16737250110,0,2000000,,#REF!
549,6,7,15,14,23,5000,2000000,28,218313093,16955563203,0,2000000,,#REF!
550,7,7,15,14,23,5000,2000000,28,221254513,17176817716,5,2000000,,#REF!
551,7,7,15,14,23,5000,2000000,28,224235564,17401053280,0,2000000,,#REF!
552,7,7,15,14,23,5000,2000000,28,227256780,17628310060,0,2000000,,#REF!
553,7,7,15,14,23,5000,2000000,28,230318703,17858628763,0,2000000,,#REF!
554,7,7,15,14,23,5000,2000000,28,233421879,18092050642,0,2000000,,#REF!
555,7,7,15,14,23,5000,2000000,28,236566866,18328617508,0,2000000,,#REF!
556,7,7,15,14,23,5000,2000000,28,239754227,18568371735,0,2000000,,#REF!
557,7,7,15,14,23,5000,2000000,28,242984533,18811356268,0,2000000,,#REF!
558,7,7,15,14,23,5000,2000000,28,246258361,19057614629,0,2000000,,#REF!
559,7,7,15,14,23,5000,2000000,28,249576299,19307190928,0,2000000,,#REF!
560,7,7,15,14,23,5000,2000000,28,252938942,19560129870,5,3000000,,#REF!
561,7,8,15,14,23,5000,2000000,28,256346890,19816476760,0,3000000,,#REF!
562,7,8,15,14,23,5000,2000000,28,259800755,20076277515,0,3000000,,#REF!
563,7,8,15,14,23,5000,2000000,28,263301155,20339578670,0,3000000,,#REF!
564,7,8,15,14,23,5000,2000000,28,266848718,20606427388,0,3000000,,#REF!
565,7,8,15,14,23,5000,2000000,28,270444078,20876871466,0,3000000,,#REF!
566,7,8,15,14,23,5000,2000000,28,274087881,21150959347,0,3000000,,#REF!
567,7,8,15,14,23,5000,2000000,28,277780777,21428740124,0,3000000,,#REF!
568,7,8,15,14,23,5000,2000000,28,281523430,21710263554,0,3000000,,#REF!
569,7,8,15,14,23,5000,2000000,28,285316508,21995580062,0,3000000,,#REF!
570,7,8,15,14,23,5000,2000000,28,289160693,22284740755,5,3000000,,#REF!
571,7,8,16,14,23,5000,2000000,28,293056671,22577797426,0,3000000,,#REF!
572,7,8,16,14,23,5000,2000000,28,297005142,22874802568,0,3000000,,#REF!
573,7,8,16,14,23,5000,2000000,28,301006812,23175809380,0,3000000,,#REF!
574,7,8,16,14,23,5000,2000000,28,305062398,23480871778,0,3000000,,#REF!
575,7,8,16,14,23,5000,2000000,28,309172627,23790044405,0,3000000,,#REF!
576,7,8,16,15,23,10000,2000000,28,313338234,24103382639,0,3000000,,#REF!
577,7,8,16,15,23,10000,2000000,28,317559967,24420942606,0,3000000,,#REF!
578,7,8,16,15,23,10000,2000000,28,321838580,24742781186,0,3000000,,#REF!
579,7,8,16,15,23,10000,2000000,28,326174841,25068956027,0,3000000,,#REF!
580,7,8,16,15,23,10000,2000000,28,330569526,25399525553,5,3000000,,#REF!
581,7,8,16,15,24,10000,4000000,29,330569526,25730095079,0,3000000,,#REF!
582,7,8,16,15,24,10000,4000000,29,334941910,26065036989,0,3000000,,#REF!
583,7,8,16,15,24,10000,4000000,29,339372126,26404409115,0,3000000,,#REF!
584,7,8,16,15,24,10000,4000000,29,343860940,26748270055,0,3000000,,#REF!
585,7,8,16,15,24,10000,4000000,29,348409126,27096679181,0,3000000,,#REF!
586,7,8,16,15,24,10000,4000000,29,353017471,27449696652,0,4000000,,#REF!
587,7,8,16,15,24,10000,4000000,29,357686769,27807383421,0,4000000,,#REF!
588,7,8,16,15,24,10000,4000000,29,362417828,28169801249,0,4000000,,#REF!
589,7,8,16,15,24,10000,4000000,29,367211463,28537012712,0,4000000,,#REF!
590,7,8,16,15,24,10000,4000000,29,372068502,28909081214,5,4000000,,#REF!
591,7,8,16,15,24,10000,4000000,29,376989785,29286070999,0,4000000,,#REF!
592,7,8,16,15,24,10000,4000000,29,381976161,29668047160,0,4000000,,#REF!
593,7,8,16,15,24,10000,4000000,29,387028491,30055075651,0,4000000,,#REF!
594,7,8,16,15,24,10000,4000000,29,392147647,30447223298,0,4000000,,#REF!
595,7,8,16,15,24,10000,4000000,29,397334513,30844557811,0,4000000,,#REF!
596,7,8,16,15,24,10000,4000000,29,402589985,31247147796,0,4000000,,#REF!
597,7,8,16,15,24,10000,4000000,29,407914970,31655062766,0,4000000,,#REF!
598,7,8,16,15,24,10000,4000000,29,413310387,32068373153,0,4000000,,#REF!
599,7,8,16,15,24,10000,4000000,29,418777169,32487150322,0,4000000,,#REF!
600,7,8,16,15,24,10000,4000000,29,424316259,32911466581,5,4000000,,#REF!
601,7,8,16,15,24,10000,4000000,29,429928614,33341395195,0,4000000,,#REF!
602,7,8,16,15,24,10000,4000000,29,435615202,33777010397,0,4000000,,#REF!
603,7,8,16,15,24,10000,4000000,29,441377005,34218387402,0,4000000,,#REF!
604,7,8,16,15,24,10000,4000000,29,447215019,34665602421,0,4000000,,#REF!
605,7,8,16,15,24,10000,4000000,29,453130252,35118732673,0,5000000,,#REF!
606,7,8,16,15,24,10000,4000000,29,459123724,35577856397,0,5000000,,#REF!
607,7,8,16,15,24,10000,4000000,29,465196470,36043052867,0,5000000,,#REF!
608,7,8,16,15,24,10000,4000000,29,471349540,36514402407,0,5000000,,#REF!
609,7,8,16,15,24,10000,4000000,29,477583995,36991986402,0,5000000,,#REF!
610,7,8,16,15,24,10000,4000000,29,483900912,37475887314,5,5000000,,#REF!
611,7,8,16,15,24,10000,4000000,29,490301382,37966188696,0,5000000,,#REF!
612,7,8,16,15,24,10000,4000000,29,496786510,38462975206,0,5000000,,#REF!
613,7,8,16,15,24,10000,4000000,29,503357416,38966332622,0,5000000,,#REF!
614,7,8,16,15,24,10000,4000000,29,510015233,39476347855,0,5000000,,#REF!
615,7,8,16,15,24,10000,4000000,29,516761113,39993108968,0,5000000,,#REF!
616,7,8,16,15,24,10000,4000000,29,523596218,40516705186,0,5000000,,#REF!
617,7,8,16,15,24,10000,4000000,29,530521731,41047226917,0,5000000,,#REF!
618,7,8,16,15,24,10000,4000000,29,537538846,41584765763,0,5000000,,#REF!
619,7,8,16,15,24,10000,4000000,29,544648775,42129414538,0,5000000,,#REF!
620,7,8,16,15,24,10000,4000000,29,551852746,42681267284,5,6000000,,#REF!
621,7,8,16,15,24,10000,4000000,29,559152003,43240419287,0,6000000,,#REF!
622,7,8,16,15,24,10000,4000000,29,566547806,43806967093,0,6000000,,#REF!
623,7,8,16,15,24,10000,4000000,29,574041431,44381008524,0,6000000,,#REF!
624,7,8,16,15,24,10000,4000000,29,581634173,44962642697,0,6000000,,#REF!
625,7,8,16,15,24,10000,4000000,29,589327344,45551970041,0,6000000,,#REF!
626,7,8,16,15,24,10000,4000000,29,597122270,46149092311,0,6000000,,#REF!
627,7,8,16,15,24,10000,4000000,29,605020298,46754112609,0,6000000,,#REF!
628,7,8,16,15,24,10000,4000000,29,613022793,47367135402,0,6000000,,#REF!
629,7,8,16,15,24,10000,4000000,29,621131134,47988266536,0,6000000,,#REF!
630,7,8,16,15,24,10000,4000000,29,629346724,48617613260,5,6000000,,#REF!
631,7,8,16,15,24,10000,4000000,29,637670979,49255284239,0,6000000,,#REF!
632,7,8,16,15,24,10000,4000000,29,646105338,49901389577,0,6000000,,#REF!
633,7,8,16,16,24,20000,4000000,29,654651257,50556040834,0,7000000,,#REF!
634,7,8,16,16,24,20000,4000000,29,663310210,51219351044,0,7000000,,#REF!
635,7,8,16,16,24,20000,4000000,29,672083695,51891434739,0,7000000,,#REF!
636,7,8,16,16,24,20000,4000000,29,680973224,52572407963,0,7000000,,#REF!
637,7,8,16,16,25,20000,8000000,30,680973224,53253381187,0,7000000,,#REF!
638,7,8,16,16,25,20000,8000000,30,689980334,53943361521,0,7000000,,#REF!
639,7,8,16,16,25,20000,8000000,30,699106580,54642468101,0,7000000,,#REF!
640,7,8,16,16,25,20000,8000000,30,708353536,55350821637,5,7000000,,#REF!
641,7,8,16,16,25,20000,8000000,30,717722800,56068544437,0,7000000,,#REF!
642,7,8,16,16,25,20000,8000000,30,727215990,56795760427,0,7000000,,#REF!
643,7,8,16,16,25,20000,8000000,30,736834745,57532595172,0,7000000,,#REF!
644,7,8,16,16,25,20000,8000000,30,746580725,58279175897,0,7000000,,#REF!
645,7,8,16,16,25,20000,8000000,30,756455613,59035631510,0,8000000,,#REF!
646,7,8,16,16,25,20000,8000000,30,766461115,59802092625,0,8000000,,#REF!
647,7,8,16,16,25,20000,8000000,30,776598958,60578691583,0,8000000,,#REF!
648,7,8,16,16,25,20000,8000000,30,786870892,61365562475,0,8000000,,#REF!
649,7,8,16,16,25,20000,8000000,30,797278691,62162841166,0,8000000,,#REF!
650,7,8,16,16,25,20000,8000000,30,807824152,62970665318,5,8000000,,#REF!
651,7,8,16,16,25,20000,8000000,30,818509096,63789174414,0,8000000,,#REF!
652,7,8,17,16,25,20000,8000000,30,829335368,64618509782,0,8000000,,#REF!
653,7,8,17,16,25,20000,8000000,30,840304838,65458814620,0,8000000,,#REF!
654,7,8,17,16,25,20000,8000000,30,851419398,66310234018,0,9000000,,#REF!
655,7,8,17,16,25,20000,8000000,30,862680969,67172914987,0,9000000,,#REF!
656,7,8,17,16,25,20000,8000000,30,874091494,68047006481,0,9000000,,#REF!
657,7,8,17,16,25,20000,8000000,30,885652944,68932659425,0,9000000,,#REF!
658,7,8,17,16,25,20000,8000000,30,897367316,69830026741,0,9000000,,#REF!
659,7,8,17,16,25,20000,8000000,30,909236631,70739263372,0,9000000,,#REF!
660,7,8,17,16,25,20000,8000000,30,921262940,71660526312,5,9000000,,#REF!
661,7,8,17,16,25,20000,8000000,30,933448318,72593974630,0,9000000,,#REF!
662,7,8,17,16,25,20000,8000000,30,945794871,73539769501,0,9000000,,#REF!
663,7,8,17,16,25,20000,8000000,30,958304729,74498074230,0,10000000,,#REF!
664,7,8,17,16,25,20000,8000000,30,970980052,75469054282,0,10000000,,#REF!
665,7,8,17,16,25,20000,8000000,30,983823030,76452877312,0,10000000,,#REF!
666,7,8,17,16,25,20000,8000000,30,996835879,77449713191,0,10000000,,#REF!
667,7,8,17,16,25,20000,8000000,30,1010020848,78459734039,0,10000000,,#REF!
668,7,8,17,16,25,20000,8000000,30,1023380211,79483114250,0,10000000,,#REF!
669,7,8,17,16,25,20000,8000000,30,1036916276,80520030526,0,10000000,,#REF!
670,7,8,17,16,25,20000,8000000,30,1050631380,81570661906,5,10000000,,#REF!
671,7,8,17,16,25,20000,8000000,30,1064527892,82635189798,0,10000000,,#REF!
672,7,8,17,16,25,20000,8000000,30,1078608210,83713798008,0,10000000,,#REF!
673,7,8,17,16,25,20000,8000000,30,1092874766,84806672774,0,10000000,,#REF!
674,7,8,17,16,25,20000,8000000,30,1107330023,85914002797,0,10000000,,#REF!
675,7,8,17,16,25,20000,8000000,30,1121976477,87035979274,0,10000000,,#REF!
676,7,8,17,16,25,20000,8000000,30,1136816658,88172795932,0,10000000,,#REF!
677,7,8,17,16,25,20000,8000000,30,1151853126,89324649058,0,10000000,,#REF!
678,7,8,17,16,25,20000,8000000,30,1167088480,90491737538,0,10000000,,#REF!
679,7,8,17,16,25,20000,8000000,30,1182525348,91674262886,0,10000000,,#REF!
680,7,8,17,16,25,20000,8000000,30,1198166397,92872429283,5,10000000,,#REF!
681,7,8,17,16,25,20000,8000000,30,1214014328,94086443611,0,10000000,,#REF!
682,7,8,17,16,25,20000,8000000,30,1230071876,95316515487,0,10000000,,#REF!
683,7,8,17,16,25,20000,8000000,30,1246341815,96562857302,0,10000000,,#REF!
684,7,8,17,16,25,20000,8000000,30,1262826953,97825684255,0,10000000,,#REF!
685,7,8,17,16,25,20000,8000000,30,1279530137,99105214392,0,10000000,,#REF!
686,7,8,17,16,25,20000,8000000,30,1296454251,100401668643,0,10000000,,#REF!
687,7,8,17,16,25,20000,8000000,30,1313602217,101715270860,0,10000000,,#REF!
688,7,8,17,16,25,20000,8000000,30,1330976996,103046247856,0,10000000,,#REF!
689,7,8,17,16,25,20000,8000000,30,1348581589,104394829445,0,10000000,,#REF!
690,7,8,17,16,25,20000,8000000,30,1366419034,105761248479,5,10000000,,#REF!
691,7,8,17,17,25,40000,8000000,30,1384492411,107145740890,0,10000000,,#REF!
692,7,8,17,17,25,40000,8000000,30,1402804842,108548545732,0,10000000,,#REF!
693,7,8,17,17,26,40000,15000000,30,1315129540,109863675272,0,10000000,,#REF!
694,7,8,17,17,26,40000,15000000,30,1332211887,111195887159,0,10000000,,#REF!
695,7,8,17,17,26,40000,15000000,30,1349516119,112545403278,0,10000000,,#REF!
696,7,8,17,17,26,40000,15000000,30,1367045118,113912448396,0,10000000,,#REF!
697,7,8,17,17,26,40000,15000000,30,1384801802,115297250198,0,10000000,,#REF!
698,7,8,17,17,26,40000,15000000,30,1402789129,116700039327,0,10000000,,#REF!
699,7,8,17,17,26,40000,15000000,30,1421010096,118121049423,0,10000000,,#REF!
700,8,9,17,17,26,40000,15000000,30,1439467737,119560517160,5,10000000,,#REF!
701,8,9,17,17,26,40000,15000000,30,1458165125,121018682285,0,10000000,,#REF!
702,8,9,17,17,26,40000,15000000,30,1477105376,122495787661,0,10000000,,#REF!
703,8,9,17,17,26,40000,15000000,30,1496291644,123992079305,0,10000000,,#REF!
704,8,9,17,17,26,40000,15000000,30,1515727124,125507806429,0,20000000,,#REF!
705,8,9,17,17,26,40000,15000000,30,1535415054,127043221483,0,20000000,,#REF!
706,8,9,17,17,26,40000,15000000,30,1555358712,128598580195,0,20000000,,#REF!
707,8,9,17,17,26,40000,15000000,30,1575561420,130174141615,0,20000000,,#REF!
708,8,9,17,17,26,40000,15000000,30,1596026543,131770168158,0,20000000,,#REF!
709,8,9,17,17,26,40000,15000000,30,1616757490,133386925648,0,20000000,,#REF!
710,8,9,17,17,26,40000,15000000,30,1637757712,135024683360,5,20000000,,#REF!
711,8,9,17,17,26,40000,15000000,30,1659030709,136683714069,0,20000000,,#REF!
712,8,9,17,17,26,40000,15000000,30,1680580023,138364294092,0,20000000,,#REF!
713,8,9,17,17,26,40000,15000000,30,1702409243,140066703335,0,20000000,,#REF!
714,8,9,17,17,26,40000,15000000,30,1724522005,141791225340,0,20000000,,#REF!
715,8,9,17,17,26,40000,15000000,30,1746921992,143538147332,0,20000000,,#REF!
716,8,9,17,17,26,40000,15000000,30,1769612935,145307760267,0,20000000,,#REF!
717,8,9,17,17,26,40000,15000000,30,1792598612,147100358879,0,20000000,,#REF!
718,8,9,17,17,26,40000,15000000,30,1815882853,148916241732,0,20000000,,#REF!
719,8,9,17,17,26,40000,15000000,30,1839469534,150755711266,0,20000000,,#REF!
720,8,9,17,17,26,40000,15000000,30,1863362586,152619073852,5,20000000,,#REF!
721,8,9,17,17,26,40000,15000000,30,1887565987,154506639839,0,20000000,,#REF!
722,8,9,17,17,26,40000,15000000,30,1912083768,156418723607,0,20000000,,#REF!
723,8,9,17,17,26,40000,15000000,30,1936920013,158355643620,0,20000000,,#REF!
724,8,9,17,17,26,40000,15000000,30,1962078859,160317722479,0,20000000,,#REF!
725,8,9,17,17,26,40000,15000000,30,1987564495,162305286974,0,20000000,,#REF!
726,8,9,17,17,26,40000,15000000,30,2013381167,164318668141,0,20000000,,#REF!
727,8,9,17,17,26,40000,15000000,30,2039533174,166358201315,0,20000000,,#REF!
728,8,9,17,17,26,40000,15000000,30,2066024872,168424226187,0,20000000,,#REF!
729,8,9,17,17,26,40000,15000000,30,2092860673,170517086860,0,20000000,,#REF!
730,8,9,17,17,26,40000,15000000,30,2120045048,172637131908,5,20000000,,#REF!
731,8,9,17,17,26,40000,15000000,30,2147582522,174784714430,0,20000000,,#REF!
732,8,9,17,17,26,40000,15000000,30,2175477684,176960192114,0,20000000,,#REF!
733,8,9,17,17,26,40000,15000000,30,2203735179,179163927293,0,20000000,,#REF!
734,8,9,17,17,26,40000,15000000,30,2232359713,181396287006,0,20000000,,#REF!
735,8,9,18,17,26,40000,15000000,30,2261356054,183657643060,0,20000000,,#REF!
736,8,9,18,17,26,40000,15000000,30,2290729031,185948372091,0,20000000,,#REF!
737,8,9,18,17,26,40000,15000000,30,2320483537,188268855628,0,20000000,,#REF!
738,8,9,18,17,26,40000,15000000,30,2350624527,190619480155,0,20000000,,#REF!
739,8,9,18,17,26,40000,15000000,30,2381157022,193000637177,0,20000000,,#REF!
740,8,9,18,17,26,40000,15000000,30,2412086106,195412723283,5,20000000,,#REF!
741,8,9,18,17,26,40000,15000000,30,2443416931,197856140214,0,20000000,,#REF!
742,8,9,18,17,26,40000,15000000,30,2475154715,200331294929,0,20000000,,#REF!
743,8,9,18,17,26,40000,15000000,30,2507304744,202838599673,0,30000000,,#REF!
744,8,9,18,17,26,40000,15000000,30,2539872373,205378472046,0,30000000,,#REF!
745,8,9,18,17,26,40000,15000000,30,2572863027,207951335073,0,30000000,,#REF!
746,8,9,18,17,26,40000,15000000,30,2606282199,210557617272,0,30000000,,#REF!
747,8,9,18,17,26,40000,15000000,30,2640135456,213197752728,0,30000000,,#REF!
748,8,9,18,17,26,40000,15000000,30,2674428437,215872181165,0,30000000,,#REF!
749,8,9,18,17,26,40000,15000000,30,2709166852,218581348017,0,30000000,,#REF!
750,8,9,18,18,27,80000,30000000,30,2709166852,221290514869,5,30000000,,#REF!
751,8,9,18,18,27,80000,30000000,30,2728817084,224019331953,0,30000000,,#REF!
752,8,9,18,18,27,80000,30000000,30,2748609844,226767941797,0,30000000,,#REF!
753,8,9,18,18,27,80000,30000000,30,2768546166,229536487963,0,30000000,,#REF!
754,8,9,18,18,27,80000,30000000,30,2788627090,232325115053,0,30000000,,#REF!
755,8,9,18,18,27,80000,30000000,30,2808853666,235133968719,0,30000000,,#REF!
756,8,9,18,18,27,80000,30000000,30,2829226950,237963195669,0,30000000,,#REF!
757,8,9,18,18,27,80000,30000000,30,2849748007,240812943676,0,30000000,,#REF!
758,8,9,18,18,27,80000,30000000,30,2870417908,243683361584,0,30000000,,#REF!
759,8,9,18,18,27,80000,30000000,30,2891237732,246574599316,0,30000000,,#REF!
760,8,9,18,18,27,80000,30000000,30,2912208567,249486807883,5,30000000,,#REF!
761,8,9,18,18,27,80000,30000000,30,2933331509,252420139392,0,30000000,,#REF!
762,8,9,18,18,27,80000,30000000,30,2954607661,255374747053,0,30000000,,#REF!
763,8,9,18,18,27,80000,30000000,30,2976038134,258350785187,0,30000000,,#REF!
764,8,9,18,18,27,80000,30000000,30,2997624047,261348409234,0,30000000,,#REF!
765,8,9,18,18,27,80000,30000000,30,3019366528,264367775762,0,30000000,,#REF!
766,8,9,18,18,27,80000,30000000,30,3041266712,267409042474,0,30000000,,#REF!
767,8,9,18,18,27,80000,30000000,30,3063325743,270472368217,0,30000000,,#REF!
768,8,9,18,18,27,80000,30000000,30,3085544774,273557912991,0,30000000,,#REF!
769,8,9,18,18,27,80000,30000000,30,3107924965,276665837956,0,30000000,,#REF!
770,8,9,18,18,27,80000,30000000,30,3130467485,279796305441,5,30000000,,#REF!
771,8,9,18,18,27,80000,30000000,30,3153173510,282949478951,0,30000000,,#REF!
772,8,9,18,18,27,80000,30000000,30,3176044229,286125523180,0,30000000,,#REF!
773,8,9,18,18,27,80000,30000000,30,3199080833,289324604013,0,30000000,,#REF!
774,8,9,18,18,27,80000,30000000,30,3222284528,292546888541,0,30000000,,#REF!
775,8,9,18,18,27,80000,30000000,30,3245656525,295792545066,0,30000000,,#REF!
776,8,9,18,18,27,80000,30000000,30,3269198044,299061743110,0,30000000,,#REF!
777,8,9,18,18,27,80000,30000000,30,3292910316,302354653426,0,30000000,,#REF!
778,8,9,18,18,27,80000,30000000,30,3316794578,305671448004,0,30000000,,#REF!
779,8,9,18,18,27,80000,30000000,30,3340852079,309012300083,0,30000000,,#REF!
780,8,9,18,18,27,80000,30000000,30,3365084075,312377384158,5,30000000,,#REF!
781,8,9,18,18,27,80000,30000000,30,3389491830,315766875988,0,30000000,,#REF!
782,8,9,18,18,27,80000,30000000,30,3414076621,319180952609,0,30000000,,#REF!
783,8,9,18,18,27,80000,30000000,30,3438839732,322619792341,0,30000000,,#REF!
784,8,9,18,18,27,80000,30000000,30,3463782455,326083574796,0,30000000,,#REF!
785,8,9,18,18,27,80000,30000000,30,3488906094,329572480890,0,30000000,,#REF!
786,8,9,18,18,27,80000,30000000,30,3514211960,333086692850,0,40000000,,#REF!
787,8,9,18,18,27,80000,30000000,30,3539701376,336626394226,0,40000000,,#REF!
788,8,9,18,18,27,80000,30000000,30,3565375673,340191769899,0,40000000,,#REF!
789,8,9,18,18,27,80000,30000000,30,3591236191,343783006090,0,40000000,,#REF!
790,8,9,18,18,27,80000,30000000,30,3617284282,347400290372,5,40000000,,#REF!
791,8,9,18,18,27,80000,30000000,30,3643521306,351043811678,0,40000000,,#REF!
792,8,9,18,18,27,80000,30000000,30,3669948634,354713760312,0,40000000,,#REF!
793,8,9,18,18,27,80000,30000000,30,3696567645,358410327957,0,40000000,,#REF!
794,8,9,18,18,27,80000,30000000,30,3723379730,362133707687,0,40000000,,#REF!
795,8,9,18,18,27,80000,30000000,30,3750386289,365884093976,0,40000000,,#REF!
796,8,9,18,18,27,80000,30000000,30,3777588734,369661682710,0,40000000,,#REF!
797,8,9,18,18,27,80000,30000000,30,3804988484,373466671194,0,40000000,,#REF!
798,8,9,18,18,27,80000,30000000,30,3832586972,377299258166,0,40000000,,#REF!
799,8,9,18,18,27,80000,30000000,30,3860385637,381159643803,0,40000000,,#REF!
800,8,9,18,18,27,80000,30000000,30,3888385933,385048029736,5,40000000,,#REF!
801,8,9,18,18,27,80000,30000000,30,3916589322,388964619058,0,40000000,,#REF!
802,8,9,18,18,27,80000,30000000,30,3944997277,392909616335,0,40000000,,#REF!
803,8,9,18,18,27,80000,30000000,30,3973611281,396883227616,0,40000000,,#REF!
804,8,9,18,18,27,80000,30000000,30,4002432830,400885660446,0,40000000,,#REF!
805,8,9,18,18,27,80000,30000000,30,4031463428,404917123874,0,40000000,,#REF!
806,8,9,18,18,27,80000,30000000,30,4060704592,408977828466,0,40000000,,#REF!
807,8,9,18,18,27,80000,30000000,30,4090157849,413067986315,0,40000000,,#REF!
808,8,9,18,18,27,80000,30000000,30,4119824737,417187811052,0,40000000,,#REF!
809,8,9,18,18,27,80000,30000000,30,4149706807,421337517859,0,40000000,,#REF!
810,8,9,18,18,27,80000,30000000,30,4179805618,425517323477,5,40000000,,#REF!
811,8,9,18,18,27,80000,30000000,30,4210122743,429727446220,0,40000000,,#REF!
812,8,9,18,18,27,80000,30000000,30,4240659766,433968105986,0,40000000,,#REF!
813,8,9,18,18,27,80000,30000000,30,4271418281,438239524267,0,40000000,,#REF!
814,8,9,18,18,27,80000,30000000,30,4302399894,442541924161,0,40000000,,#REF!
815,8,9,18,18,27,80000,30000000,30,4333606225,446875530386,0,40000000,,#REF!
816,8,9,18,18,27,80000,30000000,30,4365038902,451240569288,0,40000000,,#REF!
817,8,9,18,18,27,80000,30000000,30,4396699569,455637268857,0,40000000,,#REF!
818,8,9,18,18,27,80000,30000000,30,4428589877,460065858734,0,40000000,,#REF!
819,8,9,18,18,27,80000,30000000,30,4460711494,464526570228,0,40000000,,#REF!
820,8,9,18,18,27,80000,30000000,30,4493066096,469019636324,5,40000000,,#REF!
821,8,9,18,18,27,80000,30000000,30,4525655374,473545291698,0,50000000,,#REF!
822,8,9,18,18,27,80000,30000000,30,4558481030,478103772728,0,50000000,,#REF!
823,8,9,18,18,27,80000,30000000,30,4591544778,482695317506,0,50000000,,#REF!
824,8,9,18,18,27,80000,30000000,30,4624848345,487320165851,0,50000000,,#REF!
825,8,9,18,18,27,80000,30000000,30,4658393471,491978559322,0,50000000,,#REF!
826,8,9,18,18,27,80000,30000000,30,4692181908,496670741230,0,50000000,,#REF!
827,8,9,18,18,27,80000,30000000,30,4726215420,501396956650,0,50000000,,#REF!
828,8,9,18,18,27,80000,30000000,30,4760495786,506157452436,0,50000000,,#REF!
829,8,9,18,18,27,80000,30000000,30,4795024795,510952477231,0,50000000,,#REF!
830,8,9,18,18,27,80000,30000000,30,4829804251,515782281482,5,50000000,,#REF!
831,8,9,18,18,27,80000,30000000,30,4864835971,520647117453,0,50000000,,#REF!
832,8,9,18,18,27,80000,30000000,30,4900121785,525547239238,0,50000000,,#REF!
833,8,9,18,18,27,80000,30000000,30,4935663535,530482902773,0,50000000,,#REF!
834,8,9,18,18,27,80000,30000000,30,4971463077,535454365850,0,50000000,,#REF!
835,8,9,18,18,27,80000,30000000,30,5007522282,540461888132,0,50000000,,#REF!
836,8,9,18,18,27,80000,30000000,30,5043843033,545505731165,0,50000000,,#REF!
837,8,9,18,18,27,80000,30000000,30,5080427228,550586158393,0,50000000,,#REF!
838,8,9,18,18,27,80000,30000000,30,5117276776,555703435169,0,50000000,,#REF!
839,8,9,18,18,27,80000,30000000,30,5154393602,560857828771,0,50000000,,#REF!
840,8,9,18,18,27,80000,30000000,30,5191779646,566049608417,5,50000000,,#REF!
841,8,9,18,18,27,80000,30000000,30,5229436860,571279045277,0,50000000,,#REF!
842,8,9,18,18,27,80000,30000000,30,5267367210,576546412487,0,50000000,,#REF!
843,8,9,18,18,27,80000,30000000,30,5305572678,581851985165,0,50000000,,#REF!
844,8,9,18,18,27,80000,30000000,30,5344055260,587196040425,0,50000000,,#REF!
845,8,9,18,18,27,80000,30000000,30,5382816965,592578857390,0,50000000,,#REF!
846,8,9,18,18,27,80000,30000000,30,5421859818,598000717208,0,50000000,,#REF!
847,8,9,18,18,27,80000,30000000,30,5461185858,603461903066,0,50000000,,#REF!
848,8,9,18,18,27,80000,30000000,30,5500797139,608962700205,0,60000000,,#REF!
849,8,9,18,18,27,80000,30000000,30,5540695730,614503395935,0,60000000,,#REF!
850,8,9,18,18,27,80000,30000000,30,5580883715,620084279650,5,60000000,,#REF!
